scenario,runtime,run,status,elapsed_ms,wall_seconds
background_jobs,lua,,unavailable,,
background_jobs,luajit,,unavailable,,
background_jobs,python,,unavailable,,
background_jobs,oscript,1,exit=1,,0.27059801400173455
bmp_rotate,lua,1,ok,105.616,0.12251230597030371
bmp_rotate,lua,2,ok,103.785,0.119353414978832
bmp_rotate,lua,3,ok,102.777,0.11853157007135451
bmp_rotate,lua,4,ok,102.55,0.1187396110035479
bmp_rotate,lua,5,ok,105.479,0.12217843404505402
bmp_rotate,luajit,1,ok,36.474,0.04200789297465235
bmp_rotate,luajit,2,ok,36.51,0.041841501952148974
bmp_rotate,luajit,3,ok,34.481,0.039558646036311984
bmp_rotate,luajit,4,ok,34.882,0.03999715996906161
bmp_rotate,luajit,5,ok,33.865,0.03880402201320976
bmp_rotate,python,1,ok,165.319,0.28763897996395826
bmp_rotate,python,2,ok,156.926,0.27590011106804013
bmp_rotate,python,3,ok,158.237,0.2795636049704626
bmp_rotate,python,4,ok,166.392,0.2875635999953374
bmp_rotate,python,5,ok,161.565,0.2824257439933717
bmp_rotate,oscript,1,exit=1,,0.7764018549351022
call_overhead,lua,1,ok,21.0,0.022644781973212957
call_overhead,lua,2,ok,19.0,0.020569478045217693
call_overhead,lua,3,ok,21.0,0.02214801893569529
call_overhead,lua,4,ok,19.0,0.02054609905462712
call_overhead,lua,5,ok,20.0,0.02147560496814549
call_overhead,luajit,1,ok,1.0,0.0017057020450010896
call_overhead,luajit,2,ok,1.0,0.0015756799839437008
call_overhead,luajit,3,ok,1.0,0.0015806410228833556
call_overhead,luajit,4,ok,1.0,0.001578490948304534
call_overhead,luajit,5,ok,1.0,0.0015738510992377996
call_overhead,python,1,ok,81.931,0.09626800997648388
call_overhead,python,2,ok,83.733,0.09680116293020546
call_overhead,python,3,ok,83.059,0.09606547805014998
call_overhead,python,4,ok,84.293,0.0971866260515526
call_overhead,python,5,ok,88.54,0.10218197898939252
call_overhead,oscript,1,ok,646.0,0.8720126600237563
call_overhead,oscript,2,ok,666.0,0.8941215290687978
call_overhead,oscript,3,ok,654.0,0.9086375480983406
call_overhead,oscript,4,ok,662.0,0.9128734059631824
call_overhead,oscript,5,ok,658.0,0.9109173129545525
cbr_rates,lua,1,ok,326.945,0.33616850804537535
cbr_rates,lua,2,ok,313.57,0.318185725947842
cbr_rates,lua,3,ok,315.862,0.3201957989949733
cbr_rates,lua,4,ok,321.427,0.3261350989341736
cbr_rates,lua,5,ok,325.433,0.3300786450272426
cbr_rates,luajit,1,exit=1,,0.00324578199069947
cbr_rates,python,1,ok,307.548,0.3595302449539304
cbr_rates,python,2,ok,298.143,0.3489924529567361
cbr_rates,python,3,ok,260.069,0.30892505298834294
cbr_rates,python,4,ok,283.667,0.3336411900818348
cbr_rates,python,5,ok,1150.871,1.1970645629335195
cbr_rates,oscript,1,exit=1,,0.21560640400275588
csv_write,lua,1,ok,585.0,0.5900628389790654
csv_write,lua,2,ok,572.0,0.5767532400786877
csv_write,lua,3,ok,584.0,0.5884328481042758
csv_write,luajit,1,ok,78.0,0.07968012802302837
csv_write,luajit,2,ok,79.0,0.08100769598968327
csv_write,luajit,3,ok,74.0,0.07607711397577077
csv_write,python,1,ok,1306.55,1.3199110199930146
csv_write,python,2,ok,1349.799,1.3648897639941424
csv_write,python,3,ok,1301.09,1.3139679710147902
csv_write,oscript,1,ok,25773.0,25.997604463947937
csv_write,oscript,2,ok,27012.0,27.252142303972505
csv_write,oscript,3,ok,26588.0,26.831081933923997
csv_write_batched,lua,,unavailable,,
csv_write_batched,luajit,,unavailable,,
csv_write_batched,python,1,ok,28.463,0.04171879100613296
csv_write_batched,python,2,ok,29.028,0.04311025992501527
csv_write_batched,python,3,ok,28.821,0.04188898194115609
csv_write_batched,oscript,1,ok,1038.0,1.2609036929206923
csv_write_batched,oscript,2,ok,1039.0,1.2811760989716277
csv_write_batched,oscript,3,ok,1043.0,1.2770394010003656
edata_writer,lua,,unavailable,,
edata_writer,luajit,,unavailable,,
edata_writer,python,,unavailable,,
edata_writer,oscript,1,exit=1,,0.2241676519624889
empty_for,lua,1,ok,2.42,0.025622752960771322
empty_for,lua,2,ok,2.363,0.024840618018060923
empty_for,lua,3,ok,2.335,0.024696236941963434
empty_for,lua,4,ok,2.425,0.025705282925628126
empty_for,lua,5,ok,2.306,0.02441508392803371
empty_for,luajit,1,ok,0.238,0.0033356630010530353
empty_for,luajit,2,ok,0.264,0.0036165749188512564
empty_for,luajit,3,ok,0.236,0.0033384120324626565
empty_for,luajit,4,ok,0.237,0.00336479302495718
empty_for,luajit,5,ok,0.229,0.0032461320515722036
empty_for,python,1,ok,18.423,0.1971638100221753
empty_for,python,2,ok,19.714,0.21047689905390143
empty_for,python,3,ok,18.169,0.1951790660386905
empty_for,python,4,ok,18.55,0.19899717206135392
empty_for,python,5,ok,19.437,0.20825310493819416
empty_for,oscript,1,ok,116.8,1.4001749620074406
empty_for,oscript,2,ok,137.5,1.602352775982581
empty_for,oscript,3,ok,122.0,1.4629166949307546
empty_for,oscript,4,ok,135.5,1.599251433974132
empty_for,oscript,5,ok,132.1,1.5514662220375612
goto_bench,lua,1,ok,45.889,0.04741946898866445
goto_bench,lua,2,ok,43.522,0.045063973986543715
goto_bench,lua,3,ok,46.675,0.0480860749958083
goto_bench,lua,4,ok,42.368,0.04387881595175713
goto_bench,lua,5,ok,45.403,0.04694849601946771
goto_bench,luajit,1,ok,29.326,0.03059290605597198
goto_bench,luajit,2,ok,28.602,0.02976175001822412
goto_bench,luajit,3,ok,27.582,0.02879044401925057
goto_bench,luajit,4,ok,30.006,0.031241580960340798
goto_bench,luajit,5,ok,27.687,0.028881104080937803
goto_bench,python,1,ok,257.949,0.27142806095071137
goto_bench,python,2,ok,265.342,0.2785128679824993
goto_bench,python,3,ok,272.785,0.2863481210079044
goto_bench,python,4,ok,264.664,0.277463590959087
goto_bench,python,5,ok,268.942,0.2823370839469135
goto_bench,oscript,1,ok,1716.0,1.9568983260542154
goto_bench,oscript,2,ok,1795.0,2.0384522560052574
goto_bench,oscript,3,ok,1654.0,1.8746092210058123
goto_bench,oscript,4,ok,1664.0,1.8922614610055462
goto_bench,oscript,5,ok,1732.0,1.9757873330963776
invoice_doc_generator,lua,,unavailable,,
invoice_doc_generator,luajit,,unavailable,,
invoice_doc_generator,python,,unavailable,,
invoice_doc_generator,oscript,1,exit=1,,0.21454446704592556
json_parse,lua,1,ok,886.612,0.9343077309895307
json_parse,lua,2,ok,917.099,0.9675510639790446
json_parse,lua,3,ok,922.716,0.9751965760951862
json_parse,lua,4,ok,917.923,0.970000960980542
json_parse,lua,5,ok,953.81,1.006242375005968
json_parse,luajit,1,ok,567.081,0.6083121820120141
json_parse,luajit,2,ok,549.856,0.5876159929903224
json_parse,luajit,3,ok,713.5,0.7582552339881659
json_parse,luajit,4,ok,551.733,0.5882027860498056
json_parse,luajit,5,ok,541.445,0.5795487380819395
json_parse,python,1,exit=1,,0.06539998110383749
json_parse,oscript,1,ok,1188.0,2.5112042339751497
json_parse,oscript,2,ok,1268.0,2.6017624950036407
json_parse,oscript,3,ok,1252.0,2.5861408199416474
json_parse,oscript,4,ok,1241.0,2.580366090987809
json_parse,oscript,5,ok,1230.0,2.5524990330450237
json_write,lua,1,ok,42.324,0.047021707985550165
json_write,lua,2,ok,40.225,0.0446227400097996
json_write,lua,3,ok,40.563,0.04494411405175924
json_write,lua,4,ok,43.551,0.04806705401279032
json_write,lua,5,ok,41.258,0.0455866880947724
json_write,luajit,1,ok,35.008,0.03838556807022542
json_write,luajit,2,ok,34.783,0.038665641099214554
json_write,luajit,3,ok,31.918,0.035147567046806216
json_write,luajit,4,ok,34.162,0.03755690308753401
json_write,luajit,5,ok,33.9,0.0373714619781822
json_write,python,1,exit=1,,0.05744186695665121
json_write,oscript,1,ok,1484.0,1.7124083180679008
json_write,oscript,2,ok,1448.0,1.679858759045601
json_write,oscript,3,ok,1458.0,1.7051264169858769
json_write,oscript,4,ok,1447.0,1.674159099929966
json_write,oscript,5,ok,1444.0,1.692375962040387
pi_leibniz,lua,1,ok,9.578,0.011015565018169582
pi_leibniz,lua,2,ok,9.182,0.010422459919936955
pi_leibniz,lua,3,ok,10.259,0.011436096974648535
pi_leibniz,lua,4,ok,9.66,0.010909112985245883
pi_leibniz,lua,5,ok,9.359,0.010597991058602929
pi_leibniz,luajit,1,ok,1.036,0.00197237404063344
pi_leibniz,luajit,2,ok,1.026,0.0018722129752859473
pi_leibniz,luajit,3,ok,1.036,0.0018902330193668604
pi_leibniz,luajit,4,ok,1.015,0.0018310430459678173
pi_leibniz,luajit,5,ok,1.024,0.0020352440187707543
pi_leibniz,python,1,ok,652.707,0.670074968948029
pi_leibniz,python,2,ok,650.863,0.668262735940516
pi_leibniz,python,3,ok,652.069,0.6690745720406994
pi_leibniz,python,4,ok,652.388,0.6690763820661232
pi_leibniz,python,5,ok,668.506,0.6849548890022561
pi_leibniz,oscript,1,ok,677.0,0.923410716932267
pi_leibniz,oscript,2,ok,679.0,0.9098672959953547
pi_leibniz,oscript,3,ok,693.0,0.9276170949451625
pi_leibniz,oscript,4,ok,701.0,0.9390504719922319
pi_leibniz,oscript,5,ok,683.0,0.9212622418999672
pi_leibniz_15,lua,,unavailable,,
pi_leibniz_15,luajit,,unavailable,,
pi_leibniz_15,python,1,ok,889.088,0.905061692930758
pi_leibniz_15,python,2,ok,881.026,0.8968278280226514
pi_leibniz_15,python,3,ok,904.874,0.9206759079825133
pi_leibniz_15,python,4,ok,883.502,0.8994168450590223
pi_leibniz_15,python,5,ok,883.175,0.9003886719001457
pi_leibniz_15,oscript,1,ok,968.0,1.204333182075061
pi_leibniz_15,oscript,2,ok,884.0,1.1181237200507894
pi_leibniz_15,oscript,3,ok,877.0,1.1116519060451537
pi_leibniz_15,oscript,4,ok,881.0,1.1041730060242116
pi_leibniz_15,oscript,5,ok,872.0,1.109887953964062
regexp,lua,1,ok,1185.247,1.2009738880442455
regexp,lua,2,ok,1183.99,1.2001765229506418
regexp,lua,3,ok,1178.442,1.1947405659593642
regexp,lua,4,ok,1181.808,1.198637303081341
regexp,lua,5,ok,1181.954,1.199060215963982
regexp,luajit,1,ok,911.92,0.9277355159865692
regexp,luajit,2,ok,886.529,0.9019076320109889
regexp,luajit,3,ok,887.087,0.9026962670031935
regexp,luajit,4,ok,887.073,0.9018301219912246
regexp,luajit,5,ok,887.441,0.9040988569613546
regexp,python,1,ok,780.205,0.8500552519690245
regexp,python,2,ok,795.708,0.8648017719388008
regexp,python,3,ok,778.765,0.8460248350165784
regexp,python,4,ok,787.766,0.8609992359997705
regexp,python,5,ok,810.504,0.882184958900325
regexp,oscript,1,exit=1,,0.22461405489593744
simple_parquet_reader,lua,1,ok,110.519,0.12332526198588312
simple_parquet_reader,lua,2,ok,110.371,0.12361459399107844
simple_parquet_reader,lua,3,ok,108.105,0.12130941799841821
simple_parquet_reader,lua,4,ok,113.637,0.12756829999852926
simple_parquet_reader,lua,5,ok,108.472,0.12093604495748878
simple_parquet_reader,luajit,1,ok,39.926,0.05067872104700655
simple_parquet_reader,luajit,2,ok,39.394,0.04933645308483392
simple_parquet_reader,luajit,3,ok,40.116,0.0537238729884848
simple_parquet_reader,luajit,4,ok,39.907,0.04977686598431319
simple_parquet_reader,luajit,5,ok,38.429,0.04792002297472209
simple_parquet_reader,python,1,exit=1,,0.32855556602589786
simple_parquet_reader,oscript,1,exit=1,,0.2684485500212759
str_concat,lua,1,ok,451.97,0.4565936590079218
str_concat,lua,2,ok,451.535,0.4553309810580686
str_concat,lua,3,ok,451.762,0.4564144080504775
str_concat,lua,4,ok,456.606,0.461139369988814
str_concat,lua,5,ok,455.729,0.4615360019961372
str_concat,luajit,1,ok,397.84,0.4019598610466346
str_concat,luajit,2,ok,364.961,0.3693202199647203
str_concat,luajit,3,ok,359.102,0.36267755494918674
str_concat,luajit,4,ok,406.222,0.4102624770021066
str_concat,luajit,5,ok,357.963,0.3615573380375281
str_concat,python,1,ok,291.517,0.30600470292847604
str_concat,python,2,ok,292.562,0.30739059194456786
str_concat,python,3,ok,285.574,0.29915117798373103
str_concat,python,4,ok,290.192,0.3042922830209136
str_concat,python,5,ok,289.015,0.3024129898985848
str_concat,oscript,1,ok,586.0,0.8177606649696827
str_concat,oscript,2,ok,587.0,0.8288153089815751
str_concat,oscript,3,ok,572.0,0.8019369369139895
str_concat,oscript,4,ok,587.0,0.8124202879844233
str_concat,oscript,5,ok,563.0,0.8105517460498959
str_find,lua,1,ok,193.012,0.19649515498895198
str_find,lua,2,ok,191.898,0.1950030350126326
str_find,lua,3,ok,193.456,0.19664851599372923
str_find,lua,4,ok,191.879,0.194974655052647
str_find,lua,5,ok,192.003,0.19518017605878413
str_find,luajit,1,ok,24.147,0.02614252595230937
str_find,luajit,2,ok,24.853,0.02682155091315508
str_find,luajit,3,ok,24.164,0.026035935035906732
str_find,luajit,4,ok,26.031,0.029226197046227753
str_find,luajit,5,ok,24.098,0.025992495007812977
str_find,python,1,ok,48.872,0.0627113429363817
str_find,python,2,ok,48.597,0.06166634592227638
str_find,python,3,ok,47.501,0.060902050929144025
str_find,python,4,ok,47.322,0.06135992403142154
str_find,python,5,ok,47.026,0.06078388006426394
str_find,oscript,1,ok,12.0,0.43066156399436295
str_find,oscript,2,ok,11.0,0.4324582169065252
str_find,oscript,3,ok,12.0,0.4200147319352254
str_find,oscript,4,ok,12.0,0.4407980019459501
str_find,oscript,5,ok,12.0,0.42678024794440717
str_index,lua,1,ok,21.979,0.02460922603495419
str_index,lua,2,ok,24.356,0.026877501979470253
str_index,lua,3,ok,23.278,0.025820253998972476
str_index,lua,4,ok,24.178,0.02670996100641787
str_index,lua,5,ok,22.645,0.025229740072973073
str_index,luajit,1,ok,0.647,0.0025078969774767756
str_index,luajit,2,ok,0.621,0.0026776379672810435
str_index,luajit,3,ok,0.612,0.0024624570505693555
str_index,luajit,4,ok,0.601,0.0024403660790994763
str_index,luajit,5,ok,0.602,0.002371715963818133
str_index,python,1,ok,39.924,0.0534450599225238
str_index,python,2,ok,39.307,0.052348243072628975
str_index,python,3,ok,38.623,0.05133530602324754
str_index,python,4,ok,40.467,0.05333988997153938
str_index,python,5,ok,37.904,0.050980753963813186
str_index,oscript,1,ok,136.0,0.9127403850434348
str_index,oscript,2,ok,137.0,0.9247605259297416
str_index,oscript,3,ok,137.0,0.9249869670020416
str_index,oscript,4,ok,139.0,0.9250333780655637
str_index,oscript,5,ok,144.0,0.9299389410298318
table_compare,lua,1,ok,6261.28,7.146788154030219
table_compare,lua,2,ok,6208.222,7.093031171010807
table_compare,lua,3,ok,6467.335,7.420901303063147
table_compare,luajit,1,ok,2262.339,3.6759712889324874
table_compare,luajit,2,ok,2260.616,3.7341461810283363
table_compare,luajit,3,ok,2255.972,3.684513177955523
table_compare,python,1,ok,1997.034,2.577909228974022
table_compare,python,2,ok,1991.629,2.5764687889022753
table_compare,python,3,ok,2124.485,2.7300752860028297
table_compare,oscript,1,ok,33572.0,42.73793141206261
table_compare,oscript,2,ok,34702.0,43.61796822503675
table_compare,oscript,3,ok,34285.0,43.20513665408362
table_compare2,lua,,unavailable,,
table_compare2,luajit,,unavailable,,
table_compare2,python,,unavailable,,
table_compare2,oscript,1,exit=1,,13.878189733019099
table_save_load,lua,,unavailable,,
table_save_load,luajit,,unavailable,,
table_save_load,python,,unavailable,,
table_save_load,oscript,1,exit=1,,0.22850804100744426
table_sort,lua,1,ok,317.068,0.38157713401596993
table_sort,lua,2,ok,330.493,0.3841238010209054
table_sort,lua,3,ok,322.778,0.37469187704846263
table_sort,lua,4,ok,325.974,0.3823736789636314
table_sort,lua,5,ok,343.795,0.4028361280215904
table_sort,luajit,1,ok,202.661,0.2362981040496379
table_sort,luajit,2,ok,200.685,0.2365614150185138
table_sort,luajit,3,ok,197.034,0.23036254395265132
table_sort,luajit,4,ok,201.691,0.23516470601316541
table_sort,luajit,5,ok,186.551,0.2228375329868868
table_sort,python,1,ok,135.49,0.20407525589689612
table_sort,python,2,ok,123.369,0.19065972603857517
table_sort,python,3,ok,133.676,0.2014199789846316
table_sort,python,4,ok,113.196,0.17708204395603389
table_sort,python,5,ok,115.829,0.18737325398251414
table_sort,oscript,1,ok,532.0,1.2119145350297913
table_sort,oscript,2,ok,551.0,1.224387138034217
table_sort,oscript,3,ok,574.0,1.226544042932801
table_sort,oscript,4,ok,556.0,1.210206493968144
table_sort,oscript,5,ok,556.0,1.2129467109916732
table_total,lua,1,ok,120.5,0.12848333700094372
table_total,lua,2,ok,123.685,0.1316340679768473
table_total,lua,3,ok,127.535,0.13456430798396468
table_total,lua,4,ok,119.815,0.12717328791040927
table_total,lua,5,ok,123.135,0.13133307604584843
table_total,luajit,1,ok,39.31,0.04591294005513191
table_total,luajit,2,ok,41.403,0.048817948903888464
table_total,luajit,3,ok,40.387,0.047247369075194
table_total,luajit,4,ok,41.404,0.04820592503529042
table_total,luajit,5,ok,42.309,0.049281192012131214
table_total,python,1,ok,46.416,0.06287568400148302
table_total,python,2,ok,49.978,0.06548450095579028
table_total,python,3,ok,45.279,0.061774936970323324
table_total,python,4,ok,47.476,0.06382040097378194
table_total,python,5,ok,47.017,0.06285009393468499
table_total,oscript,1,ok,692.0,0.9241254240041599
table_total,oscript,2,ok,690.0,0.9301119539886713
table_total,oscript,3,ok,682.0,0.917407309054397
table_total,oscript,4,ok,692.0,0.9361910850275308
table_total,oscript,5,ok,693.0,0.9343914329074323
textdoc_invoice,lua,1,ok,212.318,1.058868542080745
textdoc_invoice,lua,2,ok,214.294,1.046054736012593
textdoc_invoice,lua,3,ok,213.402,1.0620222430443391
textdoc_invoice,lua,4,ok,211.71,1.058097388013266
textdoc_invoice,lua,5,ok,207.996,1.0401235659373924
textdoc_invoice,luajit,1,ok,100.829,0.378091951017268
textdoc_invoice,luajit,2,ok,96.53,0.37145732599310577
textdoc_invoice,luajit,3,ok,95.397,0.3695778329856694
textdoc_invoice,luajit,4,ok,95.15,0.36709925602190197
textdoc_invoice,luajit,5,ok,95.971,0.3653129849117249
textdoc_invoice,python,1,ok,162.446,0.20474010100588202
textdoc_invoice,python,2,ok,162.732,0.20794329198542982
textdoc_invoice,python,3,ok,164.699,0.20766319998074323
textdoc_invoice,python,4,ok,160.448,0.20304565003607422
textdoc_invoice,python,5,ok,161.69,0.20460006000939757
textdoc_invoice,oscript,1,exit=1,,0.20404522598255426
xml_parse,lua,1,ok,1908.0,2.1068127809558064
xml_parse,lua,2,ok,1900.0,2.096264890045859
xml_parse,lua,3,ok,1898.0,2.102008798974566
xml_parse,lua,4,ok,1941.0,2.13741717801895
xml_parse,lua,5,ok,1941.0,2.1410735819954425
xml_parse,luajit,1,ok,1166.0,1.3745551019674167
xml_parse,luajit,2,ok,1158.0,1.3686150420689955
xml_parse,luajit,3,ok,1159.0,1.3640834119869396
xml_parse,luajit,4,ok,1111.0,1.313823102042079
xml_parse,luajit,5,ok,1117.0,1.3193932789145038
xml_parse,python,1,ok,873.514,1.1794805659446865
xml_parse,python,2,ok,869.85,1.1739080480765551
xml_parse,python,3,ok,857.763,1.1617488369811326
xml_parse,python,4,ok,866.508,1.169233156950213
xml_parse,python,5,ok,868.161,1.1717721238965169
xml_parse,oscript,1,ok,2971.0,4.171992160961963
xml_parse,oscript,2,ok,3012.0,4.153821359039284
xml_parse,oscript,3,ok,3075.0,4.21428099705372
xml_parse,oscript,4,ok,2996.0,4.123508525080979
xml_parse,oscript,5,ok,3045.0,4.1821333901025355
xml_write,lua,1,ok,84.0,0.0947380589786917
xml_write,lua,2,ok,85.0,0.0924982640426606
xml_write,lua,3,ok,84.0,0.09183354896958917
xml_write,lua,4,ok,84.0,0.0912907860474661
xml_write,lua,5,ok,89.0,0.09644502005539834
xml_write,luajit,1,ok,68.0,0.07849253003951162
xml_write,luajit,2,ok,68.0,0.07795226597227156
xml_write,luajit,3,ok,69.0,0.07857146998867393
xml_write,luajit,4,ok,71.0,0.0798222190933302
xml_write,luajit,5,ok,70.0,0.07977834797929972
xml_write,python,1,ok,729.525,0.776985181029886
xml_write,python,2,ok,718.227,0.7642338949954137
xml_write,python,3,ok,749.456,0.7963986319955438
xml_write,python,4,ok,728.519,0.7757489130599424
xml_write,python,5,ok,726.692,0.7727839020080864
xml_write,oscript,1,ok,1512.0,1.7482132719596848
xml_write,oscript,2,ok,1497.0,1.7486169449985027
xml_write,oscript,3,ok,1563.0,1.7891677080187947
xml_write,oscript,4,ok,1523.0,1.7561037660343572
xml_write,oscript,5,ok,1517.0,1.7571875330759212
zip_read,lua,,unavailable,,
zip_read,luajit,,unavailable,,
zip_read,python,1,ok,13.754,0.04044584301300347
zip_read,python,2,ok,13.758,0.04165463102981448
zip_read,python,3,ok,13.734,0.041826831991784275
zip_read,python,4,ok,13.065,0.03898040298372507
zip_read,python,5,ok,13.315,0.039602997014299035
zip_read,oscript,1,ok,79.0,0.3559200409799814
zip_read,oscript,2,ok,83.0,0.35533186700195074
zip_read,oscript,3,ok,79.0,0.34652882791124284
zip_read,oscript,4,ok,79.0,0.346134343999438
zip_read,oscript,5,ok,84.0,0.34198013704735786
zip_write,lua,,unavailable,,
zip_write,luajit,,unavailable,,
zip_write,python,1,ok,112.014,0.14044976804871112
zip_write,python,2,ok,114.148,0.1425073710270226
zip_write,python,3,ok,112.167,0.14032291597686708
zip_write,python,4,ok,115.542,0.14475252595730126
zip_write,python,5,ok,110.766,0.14132293302100152
zip_write,oscript,1,ok,174.0,0.4395653649698943
zip_write,oscript,2,ok,155.0,0.4280120269395411
zip_write,oscript,3,ok,168.0,0.43194829404819757
zip_write,oscript,4,ok,156.0,0.4071471559582278
zip_write,oscript,5,ok,166.0,0.43018380203284323
