scenario,mode,status,runs,main_median_ms,current_median_ms,elapsed_ms_delta_mean,elapsed_ms_delta_min,elapsed_ms_delta_max,instructions_delta_mean,instructions_delta_min,instructions_delta_max,cycles_delta_mean,cycles_delta_min,cycles_delta_max
background_jobs,plain,ok,6,5815.0,6756.0,16.437272203590954,12.594585505296795,20.53494391716997,7.443379253183872,7.43670264132863,7.453232051939773,12.429474336982635,11.645339491021911,13.65746329924946
background_jobs,optimize,ok,6,4933.0,5361.0,8.668540869199719,8.033184945366244,9.29617575264443,6.647752722587515,6.643649251624062,6.652566637307156,8.450436719288373,7.786016340159052,8.992319466604105
bmp_rotate,plain,ok,10,189.0,211.0,13.720969089390147,10.526315789473696,23.15789473684211,1.5863907445937242,1.5854451466352781,1.5871985284444001,13.557139111261657,9.301549114962814,23.65835836190906
bmp_rotate,optimize,ok,10,169.0,174.0,3.210260300839325,1.775147928994092,5.389221556886237,2.298993221643655,2.2986758212752534,2.29942450193501,2.6339158641305938,1.0995907496123891,5.049068132269574
call_overhead,plain,ok,10,118.0,121.0,3.5695593317726892,0.8333333333333304,8.547008547008538,6.79938057291984,6.798148991508901,6.800199106621707,3.8877242931529565,0.9023214074214359,9.49468209980977
call_overhead,optimize,ok,10,122.0,121.0,-0.5884645238317465,-6.25,2.4193548387096753,6.799190528428278,6.797959761647521,6.800432070974849,-0.7004792627967049,-6.171725634394609,2.538742605754307
cbr_rates,plain,ok,10,313.0,330.0,-3.409948159396896,-24.720496894409937,9.27152317880795,0.639459513287659,0.5238274877090054,0.9258495157154378,0.471266297534092,-0.30574960791857064,1.0546686181166498
cbr_rates,optimize,ok,10,1887.0,1913.0,4.827292995722869,-6.167846309403435,20.33271719038816,0.6309495617914784,0.5173918407693767,0.8884015090105057,0.5538656109859952,0.05802730728892147,1.6543976998790288
csv_write,plain,ok,6,940.0,1073.0,13.67952611339868,12.710084033613445,14.392324093816633,2.7151660451599855,2.7151264133704833,2.7151921434537707,13.879085869412407,13.01208331412671,14.603003318993935
csv_write,optimize,ok,6,671.0,675.0,-10.616474945688951,-37.2093023255814,5.359877488514542,1.7456427845504126,1.7455306095267575,1.7457644833242858,-10.67458553278839,-37.52725072209947,5.901391074352258
csv_write_batched,plain,ok,6,46.0,50.0,9.269323671497583,8.695652173913038,10.416666666666675,2.9066242266528355,2.903908927165788,2.909182074035832,8.763935675595421,8.453191129239613,9.275121467700465
csv_write_batched,optimize,ok,6,41.0,41.0,-0.020325203252032537,-2.500000000000002,2.4390243902439046,2.582206281675322,2.5812455885080965,2.5839834847379395,1.6715725622962567,1.0046632813248468,2.887253006012158
edata_writer,plain,ok,10,72.0,72.0,0.8531187122736394,-1.388888888888884,2.857142857142847,0.9944778959938505,0.9636297156079054,1.0888015656949301,1.3918943003068307,-0.2603887370578928,2.389540667216905
edata_writer,optimize,ok,10,69.0,70.0,0.9029453790089237,-2.8169014084507005,5.882352941176472,1.6115618024862188,1.5439618221040785,1.7142323353820377,1.5904441946834247,-1.650433001478313,3.397252170074161
empty_for,plain,ok,10,1.6,1.0,-34.81862745098039,-41.17647058823529,-26.66666666666666,-0.7947683918210147,-0.7968846988741229,-0.789784650569858,-19.854628964711857,-21.359411025945473,-18.436851033698566
empty_for,optimize,ok,10,1.6,1.1,-31.583333333333332,-37.5,-26.66666666666666,-0.7945535046322916,-0.7996730835180599,-0.790471110515345,-19.7189695165816,-21.40673019294308,-18.108918471660928
goto_bench,plain,ok,10,478.0,469.0,-1.4267744550679407,-1.9027484143763207,-1.0460251046025104,4.29761590160473,4.297423319786242,4.29793847728932,-1.4286749604778581,-2.1531406326016245,-0.45328277423895
goto_bench,optimize,ok,10,475.0,473.0,-1.2717008710891564,-4.056795131845847,1.0615711252653925,4.297176686798054,4.29708173053287,4.297251632918697,-1.0668202331509136,-3.4609199002589186,0.6685510271590811
invoice_doc_generator,plain,ok,10,16397.0,16305.0,-0.23093240828897743,-1.409820126397665,0.6809815950920228,0.08849510976334685,-0.010351076681702764,0.21032896438513138,-0.1948449433069177,-1.273219288049643,0.5303371686878888
invoice_doc_generator,optimize,ok,10,16465.0,16287.0,-1.083966468250297,-1.900726392251817,-0.7253443862001663,0.05894142183611617,0.016802619993883106,0.1204317510007824,-0.9486391320823051,-1.5553669340389153,-0.6925674609351562
json_parse,plain,ok,10,237.0,237.0,0.7298297388238306,-2.8806584362139898,7.758620689655182,1.3360193368840845,1.3279377026057748,1.3463562793143868,2.449079202328037,-1.3230251253211867,8.534228543900223
json_parse,optimize,ok,10,238.0,241.0,1.104310407780753,0.0,3.8461538461538547,3.7179965488930877,3.6707211553093755,3.782687234527371,4.363352429855429,2.55242501530879,5.882644361671585
json_write,plain,ok,10,246.0,259.0,5.18669058430437,4.400000000000004,6.1475409836065475,4.020803366813546,4.017721066163871,4.0233968452147995,5.848874628191516,4.733958128899163,6.886311076441176
json_write,optimize,ok,10,222.0,259.0,16.638513513513512,15.625,19.369369369369373,13.096109883662077,13.092191887988491,13.09899496621112,17.244347422666934,15.871167479262738,19.321289964097588
pi_leibniz,plain,ok,10,188.0,182.0,-3.1781640072107886,-4.255319148936165,-1.0695187165775444,-2.5992864234091306,-2.5999473593141365,-2.598882020523907,-2.8383939341786557,-3.9594665243139815,-1.6866910075121755
pi_leibniz,optimize,ok,10,180.0,173.0,-4.512119107176302,-6.989247311827961,-3.3519553072625663,-2.9962852278029395,-2.9966756579275833,-2.995897147515958,-4.142093373177911,-5.444912885090014,-2.1426434811619655
pi_leibniz_15,plain,ok,10,271.0,269.0,-0.8761413668517282,-2.9197080291970767,1.8656716417910557,-1.5982714755067362,-1.5989296665533725,-1.5978285675692816,-0.6750130310588887,-2.453613764151641,1.071158552314433
pi_leibniz_15,optimize,ok,10,246.0,253.0,2.2992282862357394,-3.5573122529644285,8.943089430894302,-2.1061773980899523,-2.106444731960111,-2.1058726505727154,2.7044485808146135,-3.4281230391575823,9.019878945295744
regexp,plain,ok,10,69.0,69.0,-0.26178812002449303,-4.1666666666666625,1.449275362318847,0.638725579195234,0.6348411035999035,0.6463466721480016,-0.7563265561238297,-3.4099595967649554,0.9915501443612529
regexp,optimize,ok,10,70.0,70.0,0.8818709357594878,-1.4285714285714235,7.246376811594213,0.6395372546900946,0.6360454135049709,0.6412987474602838,-2.5429510938221456,-7.8102068602239,1.2885099423295854
simple_parquet_reader,plain,ok,10,389.0,427.0,9.995512650817972,8.461538461538453,12.435233160621761,5.194773751180541,5.16457110673143,5.252243982673299,10.296252170702274,8.126942912708968,12.21717114887082
simple_parquet_reader,optimize,ok,10,383.0,407.0,6.163734749835985,3.8363171355498826,7.387862796833766,2.8738058223063367,2.828213487469333,2.8897780881869117,6.837470567407724,4.874254432483793,7.577869720641139
str_concat,plain,ok,10,2.0,1.0,-10.0,-50.0,0.0,5.459418086322407,5.4370574237364355,5.48167749788826,5.27603466217228,4.442693709946299,7.295121919662528
str_concat,optimize,ok,10,1.0,1.0,-20.0,-50.0,0.0,5.4487852922585756,5.436611272654623,5.467263156917945,5.1029494667371145,3.21406965514488,8.106287944197188
str_find,plain,ok,10,271.0,302.0,12.01789381449025,9.420289855072461,15.498154981549806,-0.04917047101142158,-0.6853453691206379,0.3435313518325378,11.740508164872256,8.85782546996625,15.771668157188978
str_find,optimize,ok,10,274.0,310.0,11.073687305159105,6.959706959706957,14.963503649635035,-0.19755063659008476,-0.6857069219122769,0.27785825246546825,10.860222803229789,7.3495508246548935,14.978562633421832
str_index,plain,ok,10,62.0,66.0,8.150729932855795,0.0,24.590163934426236,1.7554515793851166,1.754082453426542,1.7570892998916676,7.415081649508659,0.06696239346359878,22.273748903200886
str_index,optimize,ok,10,62.0,66.0,7.718812692536914,6.451612903225801,8.196721311475418,1.7560929619168197,1.7554495988967078,1.756566819171157,7.890438936740045,6.014744060184607,8.779044849955643
table_compare,plain,ok,6,4480.0,4466.0,-1.1833425165297544,-3.956989247311826,0.36231884057971175,1.4679384123989465,1.4464223921162978,1.494596309651297,1.5265716322142797,1.1839186832665716,1.7953953649706644
table_compare,optimize,ok,6,4453.0,4495.0,0.9648831905225363,-0.2478035593602157,2.4028744666517055,1.9858524257533094,1.9826323857257355,1.987476325362958,2.1573780451376035,1.3976926684311053,3.215470167435841
table_compare2,plain,ok,6,788.0,806.0,2.077436517906084,0.24906600249066102,3.6989795918367374,1.0476508321847582,1.0130989962283454,1.0836420528863355,2.4815778468174474,2.1519877608308535,2.8361902133835937
table_compare2,optimize,ok,6,766.0,788.0,2.6044302630741014,1.1553273427471034,4.569190600522188,0.5832736750930915,0.5716639115005862,0.599606643404238,1.8541022328962302,0.5130314467907127,3.6629274188298755
table_save_load,plain,ok,6,1328.0,1344.0,1.2630052663730111,0.15048908954100604,2.2831050228310446,0.3584905712645359,0.3497090310214723,0.3643428352187117,3.6394766961466893,1.9293159954048678,6.265569471000876
table_save_load,optimize,ok,6,1318.0,1307.0,-0.7984746071180271,-1.9726858877086473,0.8487654320987748,0.1327751302242867,0.11974165659502933,0.14476610843090487,0.170070970346999,-0.4987163676451245,1.0781335258558178
table_sort,plain,ok,10,69.0,69.0,0.47675906183368894,-7.9999999999999964,8.955223880597018,0.7734425781341292,0.7725877653761204,0.7744434966749703,1.5729020435986119,-0.648656116288393,5.0446617018721
table_sort,optimize,ok,10,71.0,69.0,-0.668299994463295,-8.108108108108103,7.462686567164178,0.6107620868946917,0.5819031840750943,0.6632007420011687,2.131921675814703,-0.8164573669721342,6.482537527929777
table_total,plain,ok,10,53.0,56.0,7.694879987443808,5.454545454545445,12.00000000000001,2.4669790699063343,2.2601289918882994,2.7875434553856326,9.158833348976483,6.126418989790161,12.312901132823928
table_total,optimize,ok,10,43.0,43.0,1.839826839826837,0.0,4.545454545454541,2.024183616873332,1.8281715122320907,2.2260641972246864,1.3614148199126719,0.1820964453122631,2.3581525293268735
textdoc_invoice,plain,ok,10,1049.0,1058.0,-0.5994798785652278,-2.316602316602312,2.19256434699715,-0.4185348563275948,-1.5331800312193278,1.5475561113491132,-0.5691850407148613,-1.950550613762958,2.0886172202872366
textdoc_invoice,optimize,ok,10,1021.0,1009.0,-0.7687803858673026,-3.1669865642994233,2.1547502448579836,0.693501705914874,-0.433294026839981,1.9872028365463201,-0.5372533978180294,-2.9280209728985374,2.2832135031132683
xml_parse,plain,ok,10,872.0,823.0,-5.314187239981701,-6.931818181818183,-2.9036004645760727,-6.696571055306071,-6.711752752412159,-6.6896866756870565,-4.51754143091458,-6.439609513706057,-2.424641831280583
xml_parse,optimize,ok,10,826.0,794.0,-2.881354905582585,-6.028368794326244,3.14769975786926,-3.5158213388374793,-3.550057381569538,-3.4908855656309967,-1.09994713844211,-4.389466398298736,5.749568236782165
xml_write,plain,ok,10,343.0,291.0,-15.512369207891199,-18.39080459770115,-13.742690058479534,-15.326972863724533,-15.347940558361605,-15.307235665020603,-16.14773379336766,-18.81868949449216,-14.67611343735583
xml_write,optimize,ok,10,318.0,291.0,-8.277801533485533,-9.375,-5.345911949685533,-10.493000285990888,-10.537964066776018,-10.463319335376442,-8.49132390766066,-9.732664496026345,-5.994179119153042
zip_read,plain,ok,10,18.0,18.0,-0.830409356725146,-9.999999999999998,11.111111111111116,2.8110852479473847,2.804024212084011,2.815366007500897,0.23230455775841818,-3.4014222971900265,3.4737939530508744
zip_read,optimize,ok,10,19.0,19.0,0.11695906432748408,-5.263157894736848,5.555555555555558,2.7876402331098316,2.7828364659941096,2.792632167931619,2.7478502363102564,0.8102280643236703,7.244705528938766
zip_write,plain,ok,10,45.0,45.0,1.3732981993851534,-2.1739130434782594,6.818181818181812,1.5639779444016977,1.5548308430405777,1.56797790889609,2.0219474221868516,1.0683862023866064,3.7570844008772752
zip_write,optimize,ok,10,44.0,45.0,-0.23636363636363686,-7.9999999999999964,4.545454545454541,1.5669931943887683,1.563307567941874,1.569751399018804,1.8113265058849426,-0.6211708343501043,3.5473467045720186
