group.none.1	array:2:completed:active	1022	live:completed:active
group.timeout.1	array:2:completed:active	1010	live:completed:active
group.undefined.1	array:2:completed:active	1008	live:completed:active
group.none.2	array:2:completed:active	1008	live:completed:active
group.timeout.2	array:2:completed:active	1008	live:completed:active
group.undefined.2	array:2:completed:active	1009	live:completed:active
group.none.3	array:2:completed:active	1011	live:completed:active
group.timeout.3	array:2:completed:active	1007	live:completed:active
group.undefined.3	array:2:completed:active	1008	live:completed:active
group.failed	array:2:failed:active	1009	live:failed:active
group.running.timeout	array:2:completed:active	1002	live:completed:active
group.stale.none	array:2:completed:active	1	live:completed:active
group.stale.timeout	array:2:completed:active	0	live:completed:active
arg.single	error:Error calling context method (ОжидатьЗавершенияВыполнения)
arg.undefined	error:Error calling context method (ОжидатьЗавершенияВыполнения)
arg.missing	error:Not enough actual parameters
arg.empty	accepted:array:0
object.none	completed	2502
object.zero	active	1
object.negative	completed	2502
object.negative02	completed	2502
object.fraction02	active	200
object.fraction09	active	900
object.fraction12	active	1201
object.fraction19	active	1900
manager.fraction02	array:1:active	201
manager.fraction12	array:1:active	1200
manager.negative	array:1:completed	2502
END	OK
